key,key:project,key:user-story
project-user-story-01.01,project-01,user-story-01
project-user-story-01.02,project-01,user-story-02
project-user-story-01.03,project-01,user-story-03
project-user-story-01.04,project-01,user-story-04
project-user-story-01.05,project-01,user-story-05
project-user-story-01.06,project-01,user-story-06
project-user-story-01.07,project-01,user-story-07
project-user-story-01.08,project-01,user-story-08
project-user-story-01.09,project-01,user-story-09
project-user-story-01.10,project-01,user-story-10
project-user-story-01.11,project-01,user-story-11
project-user-story-01.12,project-01,user-story-12
project-user-story-01.13,project-01,user-story-13
project-user-story-01.14,project-01,user-story-14
project-user-story-01.15,project-01,user-story-15
project-user-story-01.16,project-01,user-story-16
project-user-story-01.17,project-01,user-story-17
project-user-story-01.18,project-01,user-story-18
project-user-story-01.19,project-01,user-story-19
project-user-story-01.20,project-01,user-story-20
project-user-story-01.21,project-01,user-story-21
project-user-story-01.22,project-01,user-story-22
project-user-story-01.23,project-01,user-story-23
project-user-story-01.24,project-01,user-story-24
project-user-story-02.01,project-02,user-story-01
project-user-story-03.01,project-03,user-story-01
project-user-story-04.01,project-04,user-story-01
project-user-story-05.01,project-05,user-story-01
project-user-story-06.01,project-06,user-story-01
project-user-story-07.01,project-07,user-story-01
project-user-story-08.01,project-08,user-story-01
project-user-story-09.01,project-09,user-story-01
project-user-story-10.01,project-10,user-story-01
project-user-story-11.01,project-11,user-story-01
project-user-story-12.01,project-12,user-story-01
project-user-story-13.01,project-13,user-story-01
project-user-story-14.01,project-14,user-story-01
project-user-story-15.01,project-15,user-story-01
project-user-story-16.01,project-16,user-story-01
project-user-story-17.01,project-17,user-story-01
project-user-story-18.01,project-18,user-story-01
project-user-story-19.01,project-19,user-story-01
project-user-story-20.01,project-20,user-story-01
project-user-story-21.01,project-21,user-story-01
project-user-story-22.01,project-22,user-story-01
project-user-story-23.01,project-23,user-story-01
project-user-story-24.01,project-24,user-story-01
project-user-story-14.14,project-14,user-story-14
project-user-story-15.15,project-15,user-story-15
project-user-story-16.16,project-16,user-story-16
project-user-story-17.17,project-17,user-story-17
project-user-story-02.02,project-02,user-story-02
project-user-story-23.23,project-23,user-story-23
project-user-story-24.24,project-24,user-story-24